item_name,variants,cuisine,ingredients,type,occasion,description,price_range,dietary_preference,spice_level,serving_style,popularity_score,dish_text
Paneer Butter Masala,['Royal'],Indian (North),[],Dessert,"['Dinner Party', 'Brunch']",Paneer Butter Masala is a popular vegetarian dessert from Indian (North) cuisine.,Standard,Vegetarian,Medium,Live Counter,4.5,Paneer Butter Masala - Paneer Butter Masala is a popular vegetarian dessert from Indian (North) cuisine. (Indian (North))
Dal Tadka,['Classic'],Indian (North),[],Appetizer,"['Baby Shower', 'Wedding', 'Get-together', 'Housewarming']",Dal Tadka is a popular vegetarian appetizer from Indian (North) cuisine.,Premium,Vegetarian,Medium,Buffet,3.8,Dal Tadka - Dal Tadka is a popular vegetarian appetizer from Indian (North) cuisine. (Indian (North))
Vegetable Biryani,['Classic'],Indian (South),[],Main Course,"['Office Party', 'Corporate Lunch', 'Festival', 'Dinner Party']",Vegetable Biryani is a popular vegetarian main course from Indian (South) cuisine.,Standard,Vegetarian,Mild,Live Counter,3.8,Vegetable Biryani - Vegetable Biryani is a popular vegetarian main course from Indian (South) cuisine. (Indian (South))
Masala Dosa,"['Royal', 'Classic']",Indian (South),[],Main Course,"['Reception', 'Birthday Party']",Masala Dosa is a popular vegetarian main course from Indian (South) cuisine.,Economy,Vegetarian,Mild,Buffet,4.8,Masala Dosa - Masala Dosa is a popular vegetarian main course from Indian (South) cuisine. (Indian (South))
Chole Bhature,"['Royal', 'Delight']",Indian (North),[],Appetizer,"['Baby Shower', 'Dinner Party', 'Festival']",Chole Bhature is a popular vegetarian appetizer from Indian (North) cuisine.,Luxury,Vegetarian,Spicy,Plated,4.1,Chole Bhature - Chole Bhature is a popular vegetarian appetizer from Indian (North) cuisine. (Indian (North))
Rajma Chawal,"['Express', 'Special']",Indian (North),[],Main Course,"['Wedding', 'Baby Shower', 'Brunch', 'Reception']",Rajma Chawal is a popular vegetarian main course from Indian (North) cuisine.,Standard,Vegetarian,Mild,Buffet,3.6,Rajma Chawal - Rajma Chawal is a popular vegetarian main course from Indian (North) cuisine. (Indian (North))
Palak Paneer,['Special'],Indian (North),[],Dessert,"['Office Party', 'Brunch']",Palak Paneer is a popular vegetarian dessert from Indian (North) cuisine.,Luxury,Vegetarian,Mild,Plated,4.8,Palak Paneer - Palak Paneer is a popular vegetarian dessert from Indian (North) cuisine. (Indian (North))
Aloo Gobi,['Royal'],Indian (North),[],Main Course,"['Corporate Lunch', 'Housewarming', 'Brunch']",Aloo Gobi is a popular vegetarian main course from Indian (North) cuisine.,Economy,Vegetarian,Medium,Live Counter,4.0,Aloo Gobi - Aloo Gobi is a popular vegetarian main course from Indian (North) cuisine. (Indian (North))
Baingan Bharta,['Classic'],Indian (North),[],Appetizer,"['Baby Shower', 'Housewarming']",Baingan Bharta is a popular vegetarian appetizer from Indian (North) cuisine.,Economy,Vegetarian,Medium,Buffet,4.6,Baingan Bharta - Baingan Bharta is a popular vegetarian appetizer from Indian (North) cuisine. (Indian (North))
Dhokla,['Classic'],Indian (West),[],Main Course,"['Corporate Lunch', 'Office Party']",Dhokla is a popular vegetarian main course from Indian (West) cuisine.,Economy,Vegetarian,Mild,Live Counter,3.5,Dhokla - Dhokla is a popular vegetarian main course from Indian (West) cuisine. (Indian (West))
Undhiyu,"['Royal', 'Express']",Indian (West),[],Dessert,"['Birthday Party', 'Get-together', 'Baby Shower']",Undhiyu is a popular vegetarian dessert from Indian (West) cuisine.,Standard,Vegetarian,Medium,Plated,3.5,Undhiyu - Undhiyu is a popular vegetarian dessert from Indian (West) cuisine. (Indian (West))
Veg Pulao,"['Delight', 'Express']",Indian (South),[],Main Course,"['Office Party', 'Reception', 'Dinner Party', 'Birthday Party']",Veg Pulao is a popular vegetarian main course from Indian (South) cuisine.,Luxury,Vegetarian,Medium,Buffet,4.6,Veg Pulao - Veg Pulao is a popular vegetarian main course from Indian (South) cuisine. (Indian (South))
Malai Kofta,['Royal'],Indian (North),[],Main Course,"['Housewarming', 'Corporate Lunch', 'Festival', 'Office Party']",Malai Kofta is a popular vegetarian main course from Indian (North) cuisine.,Premium,Vegetarian,Mild,Live Counter,4.7,Malai Kofta - Malai Kofta is a popular vegetarian main course from Indian (North) cuisine. (Indian (North))
Sambar Rice,"['Royal', 'Classic']",Indian (South),[],Main Course,"['Dinner Party', 'Brunch', 'Festival', 'Corporate Lunch']",Sambar Rice is a popular vegetarian main course from Indian (South) cuisine.,Economy,Vegetarian,Mild,Plated,3.7,Sambar Rice - Sambar Rice is a popular vegetarian main course from Indian (South) cuisine. (Indian (South))
Kadhi Pakora,"['Delight', 'Royal']",Indian (North),[],Dessert,"['Housewarming', 'Birthday Party', 'Dinner Party', 'Festival']",Kadhi Pakora is a popular vegetarian dessert from Indian (North) cuisine.,Economy,Vegetarian,Medium,Plated,4.2,Kadhi Pakora - Kadhi Pakora is a popular vegetarian dessert from Indian (North) cuisine. (Indian (North))
Pav Bhaji,['Classic'],Indian (West),[],Dessert,"['Dinner Party', 'Wedding']",Pav Bhaji is a popular vegetarian dessert from Indian (West) cuisine.,Standard,Vegetarian,Mild,Plated,4.1,Pav Bhaji - Pav Bhaji is a popular vegetarian dessert from Indian (West) cuisine. (Indian (West))
Veg Fried Rice,['Delight'],Indian (Indo-Chinese),[],Main Course,"['Wedding', 'Reception']",Veg Fried Rice is a popular vegetarian main course from Indian (Indo-Chinese) cuisine.,Luxury,Vegetarian,Spicy,Live Counter,3.6,Veg Fried Rice - Veg Fried Rice is a popular vegetarian main course from Indian (Indo-Chinese) cuisine. (Indian (Indo-Chinese))
Paneer Tikka,"['Express', 'Special']",Indian (North),[],Dessert,"['Get-together', 'Corporate Lunch', 'Office Party']",Paneer Tikka is a popular vegetarian dessert from Indian (North) cuisine.,Premium,Vegetarian,Spicy,Live Counter,4.2,Paneer Tikka - Paneer Tikka is a popular vegetarian dessert from Indian (North) cuisine. (Indian (North))
Rasgulla,['Special'],Indian (East),[],Main Course,"['Housewarming', 'Festival', 'Office Party']",Rasgulla is a popular vegetarian main course from Indian (East) cuisine.,Premium,Vegetarian,Spicy,Live Counter,3.7,Rasgulla - Rasgulla is a popular vegetarian main course from Indian (East) cuisine. (Indian (East))
Rasmalai,['Express'],Indian (East),[],Dessert,"['Baby Shower', 'Reception', 'Brunch']",Rasmalai is a popular vegetarian dessert from Indian (East) cuisine.,Economy,Vegetarian,Mild,Live Counter,4.3,Rasmalai - Rasmalai is a popular vegetarian dessert from Indian (East) cuisine. (Indian (East))
Kesar Kulfi,['Delight'],Indian (North),[],Main Course,"['Corporate Lunch', 'Birthday Party']",Kesar Kulfi is a popular vegetarian main course from Indian (North) cuisine.,Luxury,Vegetarian,Mild,Live Counter,4.3,Kesar Kulfi - Kesar Kulfi is a popular vegetarian main course from Indian (North) cuisine. (Indian (North))
Gajar Halwa,"['Delight', 'Royal']",Indian (North),[],Dessert,"['Reception', 'Brunch', 'Baby Shower', 'Housewarming']",Gajar Halwa is a popular vegetarian dessert from Indian (North) cuisine.,Economy,Vegetarian,Spicy,Live Counter,3.9,Gajar Halwa - Gajar Halwa is a popular vegetarian dessert from Indian (North) cuisine. (Indian (North))
Jalebi,['Delight'],Indian (North),[],Appetizer,"['Baby Shower', 'Wedding']",Jalebi is a popular vegetarian appetizer from Indian (North) cuisine.,Luxury,Vegetarian,Medium,Buffet,4.1,Jalebi - Jalebi is a popular vegetarian appetizer from Indian (North) cuisine. (Indian (North))
Gulab Jamun,['Classic'],Indian (North),[],Main Course,"['Office Party', 'Birthday Party', 'Baby Shower', 'Festival']",Gulab Jamun is a popular vegetarian main course from Indian (North) cuisine.,Economy,Vegetarian,Medium,Plated,3.6,Gulab Jamun - Gulab Jamun is a popular vegetarian main course from Indian (North) cuisine. (Indian (North))
Idli Sambar,"['Classic', 'Delight']",Indian (South),[],Main Course,"['Corporate Lunch', 'Reception', 'Office Party']",Idli Sambar is a popular vegetarian main course from Indian (South) cuisine.,Standard,Vegetarian,Mild,Buffet,4.2,Idli Sambar - Idli Sambar is a popular vegetarian main course from Indian (South) cuisine. (Indian (South))
Vada,"['Delight', 'Royal']",Indian (South),[],Dessert,"['Baby Shower', 'Housewarming', 'Get-together']",Vada is a popular vegetarian dessert from Indian (South) cuisine.,Premium,Vegetarian,Mild,Live Counter,4.7,Vada - Vada is a popular vegetarian dessert from Indian (South) cuisine. (Indian (South))
Pesarattu,['Express'],Indian (South),[],Dessert,"['Wedding', 'Corporate Lunch', 'Birthday Party', 'Baby Shower']",Pesarattu is a popular vegetarian dessert from Indian (South) cuisine.,Premium,Vegetarian,Medium,Live Counter,4.6,Pesarattu - Pesarattu is a popular vegetarian dessert from Indian (South) cuisine. (Indian (South))
Bisibele Bath,['Special'],Indian (South),[],Main Course,"['Brunch', 'Housewarming']",Bisibele Bath is a popular vegetarian main course from Indian (South) cuisine.,Standard,Vegetarian,Spicy,Buffet,4.9,Bisibele Bath - Bisibele Bath is a popular vegetarian main course from Indian (South) cuisine. (Indian (South))
Vegetable Korma,"['Delight', 'Express']",Indian (South),[],Dessert,"['Festival', 'Baby Shower', 'Brunch']",Vegetable Korma is a popular vegetarian dessert from Indian (South) cuisine.,Economy,Vegetarian,Medium,Buffet,3.7,Vegetable Korma - Vegetable Korma is a popular vegetarian dessert from Indian (South) cuisine. (Indian (South))
Tamarind Rice,"['Delight', 'Express']",Indian (South),[],Main Course,"['Housewarming', 'Office Party']",Tamarind Rice is a popular vegetarian main course from Indian (South) cuisine.,Premium,Vegetarian,Spicy,Buffet,4.0,Tamarind Rice - Tamarind Rice is a popular vegetarian main course from Indian (South) cuisine. (Indian (South))
Paneer Butter Masala,"['Express', 'Special']",Indian (North),[],Main Course,"['Office Party', 'Housewarming', 'Dinner Party', 'Baby Shower']",Paneer Butter Masala is a popular vegetarian main course from Indian (North) cuisine.,Economy,Vegetarian,Mild,Buffet,3.6,Paneer Butter Masala - Paneer Butter Masala is a popular vegetarian main course from Indian (North) cuisine. (Indian (North))
Dal Tadka,['Royal'],Indian (North),[],Main Course,"['Office Party', 'Festival', 'Brunch', 'Reception']",Dal Tadka is a popular vegetarian main course from Indian (North) cuisine.,Luxury,Vegetarian,Medium,Live Counter,3.7,Dal Tadka - Dal Tadka is a popular vegetarian main course from Indian (North) cuisine. (Indian (North))
Vegetable Biryani,"['Classic', 'Special']",Indian (South),[],Dessert,"['Reception', 'Baby Shower', 'Get-together']",Vegetable Biryani is a popular vegetarian dessert from Indian (South) cuisine.,Premium,Vegetarian,Mild,Buffet,4.4,Vegetable Biryani - Vegetable Biryani is a popular vegetarian dessert from Indian (South) cuisine. (Indian (South))
Masala Dosa,"['Special', 'Express']",Indian (South),[],Main Course,"['Reception', 'Birthday Party']",Masala Dosa is a popular vegetarian main course from Indian (South) cuisine.,Economy,Vegetarian,Spicy,Live Counter,3.7,Masala Dosa - Masala Dosa is a popular vegetarian main course from Indian (South) cuisine. (Indian (South))
Chole Bhature,['Delight'],Indian (North),[],Dessert,"['Corporate Lunch', 'Housewarming', 'Brunch']",Chole Bhature is a popular vegetarian dessert from Indian (North) cuisine.,Economy,Vegetarian,Medium,Live Counter,4.3,Chole Bhature - Chole Bhature is a popular vegetarian dessert from Indian (North) cuisine. (Indian (North))
Rajma Chawal,"['Classic', 'Express']",Indian (North),[],Main Course,"['Office Party', 'Reception', 'Housewarming']",Rajma Chawal is a popular vegetarian main course from Indian (North) cuisine.,Standard,Vegetarian,Spicy,Live Counter,4.6,Rajma Chawal - Rajma Chawal is a popular vegetarian main course from Indian (North) cuisine. (Indian (North))
Palak Paneer,"['Classic', 'Express']",Indian (North),[],Main Course,"['Housewarming', 'Reception', 'Baby Shower', 'Brunch']",Palak Paneer is a popular vegetarian main course from Indian (North) cuisine.,Luxury,Vegetarian,Mild,Plated,4.8,Palak Paneer - Palak Paneer is a popular vegetarian main course from Indian (North) cuisine. (Indian (North))
Aloo Gobi,['Classic'],Indian (North),[],Main Course,"['Baby Shower', 'Brunch']",Aloo Gobi is a popular vegetarian main course from Indian (North) cuisine.,Economy,Vegetarian,Medium,Plated,3.8,Aloo Gobi - Aloo Gobi is a popular vegetarian main course from Indian (North) cuisine. (Indian (North))
Baingan Bharta,['Special'],Indian (North),[],Main Course,"['Wedding', 'Reception']",Baingan Bharta is a popular vegetarian main course from Indian (North) cuisine.,Luxury,Vegetarian,Mild,Live Counter,4.7,Baingan Bharta - Baingan Bharta is a popular vegetarian main course from Indian (North) cuisine. (Indian (North))
Dhokla,['Delight'],Indian (West),[],Main Course,"['Get-together', 'Festival', 'Dinner Party']",Dhokla is a popular vegetarian main course from Indian (West) cuisine.,Economy,Vegetarian,Spicy,Plated,4.6,Dhokla - Dhokla is a popular vegetarian main course from Indian (West) cuisine. (Indian (West))
Undhiyu,['Classic'],Indian (West),[],Appetizer,"['Wedding', 'Dinner Party']",Undhiyu is a popular vegetarian appetizer from Indian (West) cuisine.,Economy,Vegetarian,Spicy,Live Counter,4.7,Undhiyu - Undhiyu is a popular vegetarian appetizer from Indian (West) cuisine. (Indian (West))
Veg Pulao,['Express'],Indian (South),[],Dessert,"['Corporate Lunch', 'Birthday Party']",Veg Pulao is a popular vegetarian dessert from Indian (South) cuisine.,Standard,Vegetarian,Spicy,Live Counter,4.4,Veg Pulao - Veg Pulao is a popular vegetarian dessert from Indian (South) cuisine. (Indian (South))
Malai Kofta,['Special'],Indian (North),[],Dessert,"['Dinner Party', 'Baby Shower']",Malai Kofta is a popular vegetarian dessert from Indian (North) cuisine.,Premium,Vegetarian,Mild,Buffet,4.5,Malai Kofta - Malai Kofta is a popular vegetarian dessert from Indian (North) cuisine. (Indian (North))
Sambar Rice,['Royal'],Indian (South),[],Dessert,"['Birthday Party', 'Get-together', 'Office Party', 'Corporate Lunch']",Sambar Rice is a popular vegetarian dessert from Indian (South) cuisine.,Standard,Vegetarian,Mild,Plated,4.7,Sambar Rice - Sambar Rice is a popular vegetarian dessert from Indian (South) cuisine. (Indian (South))
Kadhi Pakora,['Delight'],Indian (North),[],Main Course,"['Housewarming', 'Reception', 'Corporate Lunch', 'Wedding']",Kadhi Pakora is a popular vegetarian main course from Indian (North) cuisine.,Standard,Vegetarian,Spicy,Buffet,4.3,Kadhi Pakora - Kadhi Pakora is a popular vegetarian main course from Indian (North) cuisine. (Indian (North))
Pav Bhaji,['Classic'],Indian (West),[],Dessert,"['Office Party', 'Wedding']",Pav Bhaji is a popular vegetarian dessert from Indian (West) cuisine.,Premium,Vegetarian,Mild,Plated,4.2,Pav Bhaji - Pav Bhaji is a popular vegetarian dessert from Indian (West) cuisine. (Indian (West))
Veg Fried Rice,"['Royal', 'Delight']",Indian (Indo-Chinese),[],Main Course,"['Baby Shower', 'Housewarming', 'Wedding']",Veg Fried Rice is a popular vegetarian main course from Indian (Indo-Chinese) cuisine.,Standard,Vegetarian,Mild,Buffet,3.8,Veg Fried Rice - Veg Fried Rice is a popular vegetarian main course from Indian (Indo-Chinese) cuisine. (Indian (Indo-Chinese))
Paneer Tikka,['Classic'],Indian (North),[],Main Course,"['Reception', 'Birthday Party']",Paneer Tikka is a popular vegetarian main course from Indian (North) cuisine.,Premium,Vegetarian,Spicy,Buffet,3.7,Paneer Tikka - Paneer Tikka is a popular vegetarian main course from Indian (North) cuisine. (Indian (North))
Rasgulla,['Royal'],Indian (East),[],Main Course,"['Birthday Party', 'Brunch', 'Corporate Lunch', 'Baby Shower']",Rasgulla is a popular vegetarian main course from Indian (East) cuisine.,Economy,Vegetarian,Mild,Live Counter,4.4,Rasgulla - Rasgulla is a popular vegetarian main course from Indian (East) cuisine. (Indian (East))
Rasmalai,"['Express', 'Special']",Indian (East),[],Dessert,"['Festival', 'Brunch', 'Birthday Party', 'Housewarming']",Rasmalai is a popular vegetarian dessert from Indian (East) cuisine.,Economy,Vegetarian,Medium,Buffet,4.1,Rasmalai - Rasmalai is a popular vegetarian dessert from Indian (East) cuisine. (Indian (East))
Kesar Kulfi,"['Classic', 'Delight']",Indian (North),[],Main Course,"['Dinner Party', 'Baby Shower', 'Get-together']",Kesar Kulfi is a popular vegetarian main course from Indian (North) cuisine.,Economy,Vegetarian,Spicy,Plated,4.9,Kesar Kulfi - Kesar Kulfi is a popular vegetarian main course from Indian (North) cuisine. (Indian (North))
Gajar Halwa,"['Delight', 'Classic']",Indian (North),[],Main Course,"['Dinner Party', 'Wedding', 'Housewarming', 'Reception']",Gajar Halwa is a popular vegetarian main course from Indian (North) cuisine.,Premium,Vegetarian,Mild,Plated,4.6,Gajar Halwa - Gajar Halwa is a popular vegetarian main course from Indian (North) cuisine. (Indian (North))
Jalebi,"['Special', 'Express']",Indian (North),[],Main Course,"['Get-together', 'Corporate Lunch', 'Birthday Party', 'Office Party']",Jalebi is a popular vegetarian main course from Indian (North) cuisine.,Luxury,Vegetarian,Medium,Live Counter,4.1,Jalebi - Jalebi is a popular vegetarian main course from Indian (North) cuisine. (Indian (North))
Gulab Jamun,['Express'],Indian (North),[],Main Course,"['Dinner Party', 'Baby Shower', 'Wedding']",Gulab Jamun is a popular vegetarian main course from Indian (North) cuisine.,Luxury,Vegetarian,Medium,Buffet,4.5,Gulab Jamun - Gulab Jamun is a popular vegetarian main course from Indian (North) cuisine. (Indian (North))
Idli Sambar,"['Special', 'Royal']",Indian (South),[],Dessert,"['Office Party', 'Baby Shower', 'Corporate Lunch', 'Festival']",Idli Sambar is a popular vegetarian dessert from Indian (South) cuisine.,Luxury,Vegetarian,Mild,Live Counter,4.1,Idli Sambar - Idli Sambar is a popular vegetarian dessert from Indian (South) cuisine. (Indian (South))
Vada,"['Classic', 'Special']",Indian (South),[],Dessert,"['Festival', 'Get-together', 'Baby Shower', 'Housewarming']",Vada is a popular vegetarian dessert from Indian (South) cuisine.,Economy,Vegetarian,Mild,Live Counter,4.9,Vada - Vada is a popular vegetarian dessert from Indian (South) cuisine. (Indian (South))
Pesarattu,"['Express', 'Delight']",Indian (South),[],Main Course,"['Wedding', 'Dinner Party', 'Reception', 'Birthday Party']",Pesarattu is a popular vegetarian main course from Indian (South) cuisine.,Luxury,Vegetarian,Spicy,Live Counter,4.8,Pesarattu - Pesarattu is a popular vegetarian main course from Indian (South) cuisine. (Indian (South))
Bisibele Bath,['Express'],Indian (South),[],Main Course,"['Baby Shower', 'Brunch', 'Corporate Lunch']",Bisibele Bath is a popular vegetarian main course from Indian (South) cuisine.,Premium,Vegetarian,Spicy,Buffet,4.4,Bisibele Bath - Bisibele Bath is a popular vegetarian main course from Indian (South) cuisine. (Indian (South))
Vegetable Korma,['Express'],Indian (South),[],Main Course,"['Wedding', 'Festival', 'Get-together']",Vegetable Korma is a popular vegetarian main course from Indian (South) cuisine.,Standard,Vegetarian,Mild,Live Counter,3.6,Vegetable Korma - Vegetable Korma is a popular vegetarian main course from Indian (South) cuisine. (Indian (South))
Tamarind Rice,"['Classic', 'Delight']",Indian (South),[],Main Course,"['Festival', 'Wedding', 'Get-together', 'Baby Shower']",Tamarind Rice is a popular vegetarian main course from Indian (South) cuisine.,Luxury,Vegetarian,Spicy,Plated,5.0,Tamarind Rice - Tamarind Rice is a popular vegetarian main course from Indian (South) cuisine. (Indian (South))
Paneer Butter Masala,['Special'],Indian (North),[],Main Course,"['Reception', 'Office Party', 'Wedding', 'Festival']",Paneer Butter Masala is a popular vegetarian main course from Indian (North) cuisine.,Luxury,Vegetarian,Spicy,Live Counter,4.9,Paneer Butter Masala - Paneer Butter Masala is a popular vegetarian main course from Indian (North) cuisine. (Indian (North))
Dal Tadka,['Classic'],Indian (North),[],Dessert,"['Get-together', 'Brunch', 'Corporate Lunch']",Dal Tadka is a popular vegetarian dessert from Indian (North) cuisine.,Economy,Vegetarian,Mild,Plated,3.9,Dal Tadka - Dal Tadka is a popular vegetarian dessert from Indian (North) cuisine. (Indian (North))
Vegetable Biryani,"['Classic', 'Delight']",Indian (South),[],Dessert,"['Reception', 'Office Party']",Vegetable Biryani is a popular vegetarian dessert from Indian (South) cuisine.,Premium,Vegetarian,Medium,Plated,3.6,Vegetable Biryani - Vegetable Biryani is a popular vegetarian dessert from Indian (South) cuisine. (Indian (South))
Masala Dosa,"['Express', 'Delight']",Indian (South),[],Main Course,"['Corporate Lunch', 'Housewarming', 'Brunch']",Masala Dosa is a popular vegetarian main course from Indian (South) cuisine.,Premium,Vegetarian,Mild,Plated,3.9,Masala Dosa - Masala Dosa is a popular vegetarian main course from Indian (South) cuisine. (Indian (South))
Chole Bhature,['Special'],Indian (North),[],Main Course,"['Wedding', 'Dinner Party', 'Housewarming']",Chole Bhature is a popular vegetarian main course from Indian (North) cuisine.,Economy,Vegetarian,Spicy,Live Counter,4.9,Chole Bhature - Chole Bhature is a popular vegetarian main course from Indian (North) cuisine. (Indian (North))
Rajma Chawal,"['Classic', 'Special']",Indian (North),[],Appetizer,"['Housewarming', 'Wedding', 'Reception']",Rajma Chawal is a popular vegetarian appetizer from Indian (North) cuisine.,Standard,Vegetarian,Spicy,Buffet,4.5,Rajma Chawal - Rajma Chawal is a popular vegetarian appetizer from Indian (North) cuisine. (Indian (North))
Palak Paneer,"['Delight', 'Express']",Indian (North),[],Main Course,"['Reception', 'Office Party']",Palak Paneer is a popular vegetarian main course from Indian (North) cuisine.,Economy,Vegetarian,Medium,Plated,4.0,Palak Paneer - Palak Paneer is a popular vegetarian main course from Indian (North) cuisine. (Indian (North))
Aloo Gobi,['Delight'],Indian (North),[],Main Course,"['Housewarming', 'Baby Shower']",Aloo Gobi is a popular vegetarian main course from Indian (North) cuisine.,Economy,Vegetarian,Mild,Buffet,4.5,Aloo Gobi - Aloo Gobi is a popular vegetarian main course from Indian (North) cuisine. (Indian (North))
Baingan Bharta,"['Express', 'Special']",Indian (North),[],Main Course,"['Wedding', 'Corporate Lunch']",Baingan Bharta is a popular vegetarian main course from Indian (North) cuisine.,Luxury,Vegetarian,Medium,Live Counter,3.5,Baingan Bharta - Baingan Bharta is a popular vegetarian main course from Indian (North) cuisine. (Indian (North))
Dhokla,"['Royal', 'Express']",Indian (West),[],Dessert,"['Festival', 'Housewarming', 'Corporate Lunch']",Dhokla is a popular vegetarian dessert from Indian (West) cuisine.,Premium,Vegetarian,Medium,Plated,4.5,Dhokla - Dhokla is a popular vegetarian dessert from Indian (West) cuisine. (Indian (West))
Undhiyu,['Delight'],Indian (West),[],Appetizer,"['Reception', 'Dinner Party', 'Festival', 'Corporate Lunch']",Undhiyu is a popular vegetarian appetizer from Indian (West) cuisine.,Premium,Vegetarian,Spicy,Buffet,4.7,Undhiyu - Undhiyu is a popular vegetarian appetizer from Indian (West) cuisine. (Indian (West))
Veg Pulao,"['Special', 'Express']",Indian (South),[],Appetizer,"['Get-together', 'Wedding']",Veg Pulao is a popular vegetarian appetizer from Indian (South) cuisine.,Premium,Vegetarian,Spicy,Plated,4.7,Veg Pulao - Veg Pulao is a popular vegetarian appetizer from Indian (South) cuisine. (Indian (South))
Malai Kofta,"['Special', 'Delight']",Indian (North),[],Dessert,"['Dinner Party', 'Get-together']",Malai Kofta is a popular vegetarian dessert from Indian (North) cuisine.,Standard,Vegetarian,Spicy,Buffet,4.5,Malai Kofta - Malai Kofta is a popular vegetarian dessert from Indian (North) cuisine. (Indian (North))
Sambar Rice,"['Delight', 'Classic']",Indian (South),[],Main Course,"['Birthday Party', 'Housewarming']",Sambar Rice is a popular vegetarian main course from Indian (South) cuisine.,Standard,Vegetarian,Spicy,Buffet,4.3,Sambar Rice - Sambar Rice is a popular vegetarian main course from Indian (South) cuisine. (Indian (South))
Kadhi Pakora,"['Royal', 'Classic']",Indian (North),[],Main Course,"['Reception', 'Office Party', 'Dinner Party', 'Festival']",Kadhi Pakora is a popular vegetarian main course from Indian (North) cuisine.,Economy,Vegetarian,Spicy,Live Counter,3.9,Kadhi Pakora - Kadhi Pakora is a popular vegetarian main course from Indian (North) cuisine. (Indian (North))
Pav Bhaji,"['Delight', 'Royal']",Indian (West),[],Dessert,"['Housewarming', 'Corporate Lunch']",Pav Bhaji is a popular vegetarian dessert from Indian (West) cuisine.,Luxury,Vegetarian,Spicy,Live Counter,4.5,Pav Bhaji - Pav Bhaji is a popular vegetarian dessert from Indian (West) cuisine. (Indian (West))
Veg Fried Rice,"['Delight', 'Special']",Indian (Indo-Chinese),[],Appetizer,"['Wedding', 'Corporate Lunch']",Veg Fried Rice is a popular vegetarian appetizer from Indian (Indo-Chinese) cuisine.,Standard,Vegetarian,Medium,Live Counter,3.9,Veg Fried Rice - Veg Fried Rice is a popular vegetarian appetizer from Indian (Indo-Chinese) cuisine. (Indian (Indo-Chinese))
Paneer Tikka,"['Special', 'Express']",Indian (North),[],Dessert,"['Dinner Party', 'Birthday Party', 'Corporate Lunch']",Paneer Tikka is a popular vegetarian dessert from Indian (North) cuisine.,Premium,Vegetarian,Spicy,Live Counter,4.4,Paneer Tikka - Paneer Tikka is a popular vegetarian dessert from Indian (North) cuisine. (Indian (North))
Rasgulla,"['Classic', 'Express']",Indian (East),[],Main Course,"['Brunch', 'Corporate Lunch']",Rasgulla is a popular vegetarian main course from Indian (East) cuisine.,Luxury,Vegetarian,Medium,Plated,4.7,Rasgulla - Rasgulla is a popular vegetarian main course from Indian (East) cuisine. (Indian (East))
Rasmalai,"['Express', 'Delight']",Indian (East),[],Main Course,"['Birthday Party', 'Baby Shower', 'Festival', 'Wedding']",Rasmalai is a popular vegetarian main course from Indian (East) cuisine.,Premium,Vegetarian,Medium,Live Counter,4.3,Rasmalai - Rasmalai is a popular vegetarian main course from Indian (East) cuisine. (Indian (East))
Kesar Kulfi,['Express'],Indian (North),[],Main Course,"['Corporate Lunch', 'Baby Shower', 'Housewarming']",Kesar Kulfi is a popular vegetarian main course from Indian (North) cuisine.,Premium,Vegetarian,Spicy,Live Counter,4.9,Kesar Kulfi - Kesar Kulfi is a popular vegetarian main course from Indian (North) cuisine. (Indian (North))
Gajar Halwa,['Classic'],Indian (North),[],Dessert,"['Housewarming', 'Get-together', 'Baby Shower']",Gajar Halwa is a popular vegetarian dessert from Indian (North) cuisine.,Luxury,Vegetarian,Spicy,Buffet,3.7,Gajar Halwa - Gajar Halwa is a popular vegetarian dessert from Indian (North) cuisine. (Indian (North))
Jalebi,"['Express', 'Delight']",Indian (North),[],Dessert,"['Brunch', 'Birthday Party']",Jalebi is a popular vegetarian dessert from Indian (North) cuisine.,Luxury,Vegetarian,Spicy,Plated,3.9,Jalebi - Jalebi is a popular vegetarian dessert from Indian (North) cuisine. (Indian (North))
Gulab Jamun,"['Royal', 'Express']",Indian (North),[],Main Course,"['Get-together', 'Festival', 'Reception', 'Corporate Lunch']",Gulab Jamun is a popular vegetarian main course from Indian (North) cuisine.,Premium,Vegetarian,Medium,Live Counter,4.4,Gulab Jamun - Gulab Jamun is a popular vegetarian main course from Indian (North) cuisine. (Indian (North))
Idli Sambar,"['Royal', 'Delight']",Indian (South),[],Main Course,"['Baby Shower', 'Wedding', 'Housewarming']",Idli Sambar is a popular vegetarian main course from Indian (South) cuisine.,Standard,Vegetarian,Medium,Plated,4.7,Idli Sambar - Idli Sambar is a popular vegetarian main course from Indian (South) cuisine. (Indian (South))
Vada,['Classic'],Indian (South),[],Main Course,"['Get-together', 'Housewarming', 'Dinner Party', 'Corporate Lunch']",Vada is a popular vegetarian main course from Indian (South) cuisine.,Economy,Vegetarian,Spicy,Buffet,3.7,Vada - Vada is a popular vegetarian main course from Indian (South) cuisine. (Indian (South))
Pesarattu,['Special'],Indian (South),[],Main Course,"['Housewarming', 'Wedding', 'Brunch']",Pesarattu is a popular vegetarian main course from Indian (South) cuisine.,Premium,Vegetarian,Spicy,Live Counter,3.5,Pesarattu - Pesarattu is a popular vegetarian main course from Indian (South) cuisine. (Indian (South))
Bisibele Bath,['Delight'],Indian (South),[],Appetizer,"['Festival', 'Dinner Party']",Bisibele Bath is a popular vegetarian appetizer from Indian (South) cuisine.,Premium,Vegetarian,Spicy,Live Counter,3.5,Bisibele Bath - Bisibele Bath is a popular vegetarian appetizer from Indian (South) cuisine. (Indian (South))
Vegetable Korma,['Royal'],Indian (South),[],Main Course,"['Birthday Party', 'Corporate Lunch']",Vegetable Korma is a popular vegetarian main course from Indian (South) cuisine.,Economy,Vegetarian,Medium,Plated,4.8,Vegetable Korma - Vegetable Korma is a popular vegetarian main course from Indian (South) cuisine. (Indian (South))
Tamarind Rice,['Express'],Indian (South),[],Appetizer,"['Baby Shower', 'Office Party']",Tamarind Rice is a popular vegetarian appetizer from Indian (South) cuisine.,Standard,Vegetarian,Medium,Plated,4.1,Tamarind Rice - Tamarind Rice is a popular vegetarian appetizer from Indian (South) cuisine. (Indian (South))
Paneer Butter Masala,"['Delight', 'Express']",Indian (North),[],Main Course,"['Wedding', 'Housewarming']",Paneer Butter Masala is a popular vegetarian main course from Indian (North) cuisine.,Economy,Vegetarian,Spicy,Buffet,3.7,Paneer Butter Masala - Paneer Butter Masala is a popular vegetarian main course from Indian (North) cuisine. (Indian (North))
Dal Tadka,['Classic'],Indian (North),[],Main Course,"['Reception', 'Office Party']",Dal Tadka is a popular vegetarian main course from Indian (North) cuisine.,Standard,Vegetarian,Mild,Live Counter,4.5,Dal Tadka - Dal Tadka is a popular vegetarian main course from Indian (North) cuisine. (Indian (North))
Vegetable Biryani,"['Royal', 'Special']",Indian (South),[],Dessert,"['Wedding', 'Baby Shower']",Vegetable Biryani is a popular vegetarian dessert from Indian (South) cuisine.,Luxury,Vegetarian,Medium,Buffet,4.2,Vegetable Biryani - Vegetable Biryani is a popular vegetarian dessert from Indian (South) cuisine. (Indian (South))
Masala Dosa,"['Classic', 'Delight']",Indian (South),[],Main Course,"['Brunch', 'Wedding']",Masala Dosa is a popular vegetarian main course from Indian (South) cuisine.,Premium,Vegetarian,Medium,Plated,3.9,Masala Dosa - Masala Dosa is a popular vegetarian main course from Indian (South) cuisine. (Indian (South))
Chole Bhature,['Royal'],Indian (North),[],Appetizer,"['Dinner Party', 'Corporate Lunch', 'Brunch']",Chole Bhature is a popular vegetarian appetizer from Indian (North) cuisine.,Luxury,Vegetarian,Medium,Plated,4.5,Chole Bhature - Chole Bhature is a popular vegetarian appetizer from Indian (North) cuisine. (Indian (North))
Rajma Chawal,['Special'],Indian (North),[],Main Course,"['Get-together', 'Dinner Party', 'Wedding']",Rajma Chawal is a popular vegetarian main course from Indian (North) cuisine.,Premium,Vegetarian,Mild,Live Counter,3.9,Rajma Chawal - Rajma Chawal is a popular vegetarian main course from Indian (North) cuisine. (Indian (North))
Palak Paneer,['Express'],Indian (North),[],Dessert,"['Festival', 'Get-together']",Palak Paneer is a popular vegetarian dessert from Indian (North) cuisine.,Premium,Vegetarian,Medium,Plated,3.8,Palak Paneer - Palak Paneer is a popular vegetarian dessert from Indian (North) cuisine. (Indian (North))
Aloo Gobi,"['Express', 'Classic']",Indian (North),[],Dessert,"['Reception', 'Birthday Party', 'Get-together']",Aloo Gobi is a popular vegetarian dessert from Indian (North) cuisine.,Luxury,Vegetarian,Spicy,Plated,3.8,Aloo Gobi - Aloo Gobi is a popular vegetarian dessert from Indian (North) cuisine. (Indian (North))
Baingan Bharta,"['Express', 'Delight']",Indian (North),[],Main Course,"['Baby Shower', 'Get-together']",Baingan Bharta is a popular vegetarian main course from Indian (North) cuisine.,Standard,Vegetarian,Medium,Live Counter,4.5,Baingan Bharta - Baingan Bharta is a popular vegetarian main course from Indian (North) cuisine. (Indian (North))
Dhokla,['Delight'],Indian (West),[],Main Course,"['Housewarming', 'Office Party', 'Get-together', 'Baby Shower']",Dhokla is a popular vegetarian main course from Indian (West) cuisine.,Premium,Vegetarian,Spicy,Plated,4.9,Dhokla - Dhokla is a popular vegetarian main course from Indian (West) cuisine. (Indian (West))
Undhiyu,['Royal'],Indian (West),[],Dessert,"['Baby Shower', 'Office Party']",Undhiyu is a popular vegetarian dessert from Indian (West) cuisine.,Premium,Vegetarian,Mild,Live Counter,4.0,Undhiyu - Undhiyu is a popular vegetarian dessert from Indian (West) cuisine. (Indian (West))
Veg Pulao,"['Royal', 'Express']",Indian (South),[],Main Course,"['Baby Shower', 'Office Party', 'Get-together']",Veg Pulao is a popular vegetarian main course from Indian (South) cuisine.,Luxury,Vegetarian,Spicy,Live Counter,4.0,Veg Pulao - Veg Pulao is a popular vegetarian main course from Indian (South) cuisine. (Indian (South))
Malai Kofta,['Royal'],Indian (North),[],Appetizer,"['Dinner Party', 'Get-together', 'Reception']",Malai Kofta is a popular vegetarian appetizer from Indian (North) cuisine.,Standard,Vegetarian,Mild,Plated,4.7,Malai Kofta - Malai Kofta is a popular vegetarian appetizer from Indian (North) cuisine. (Indian (North))
Sambar Rice,['Royal'],Indian (South),[],Main Course,"['Get-together', 'Office Party', 'Reception']",Sambar Rice is a popular vegetarian main course from Indian (South) cuisine.,Premium,Vegetarian,Spicy,Buffet,5.0,Sambar Rice - Sambar Rice is a popular vegetarian main course from Indian (South) cuisine. (Indian (South))
Kadhi Pakora,['Express'],Indian (North),[],Dessert,"['Corporate Lunch', 'Baby Shower']",Kadhi Pakora is a popular vegetarian dessert from Indian (North) cuisine.,Premium,Vegetarian,Mild,Plated,4.7,Kadhi Pakora - Kadhi Pakora is a popular vegetarian dessert from Indian (North) cuisine. (Indian (North))
Pav Bhaji,"['Delight', 'Classic']",Indian (West),[],Main Course,"['Corporate Lunch', 'Get-together', 'Office Party']",Pav Bhaji is a popular vegetarian main course from Indian (West) cuisine.,Luxury,Vegetarian,Mild,Live Counter,4.6,Pav Bhaji - Pav Bhaji is a popular vegetarian main course from Indian (West) cuisine. (Indian (West))
Veg Fried Rice,"['Special', 'Royal']",Indian (Indo-Chinese),[],Main Course,"['Birthday Party', 'Office Party', 'Dinner Party', 'Corporate Lunch']",Veg Fried Rice is a popular vegetarian main course from Indian (Indo-Chinese) cuisine.,Standard,Vegetarian,Medium,Live Counter,4.1,Veg Fried Rice - Veg Fried Rice is a popular vegetarian main course from Indian (Indo-Chinese) cuisine. (Indian (Indo-Chinese))
Paneer Tikka,['Delight'],Indian (North),[],Main Course,"['Get-together', 'Baby Shower']",Paneer Tikka is a popular vegetarian main course from Indian (North) cuisine.,Premium,Vegetarian,Mild,Live Counter,3.9,Paneer Tikka - Paneer Tikka is a popular vegetarian main course from Indian (North) cuisine. (Indian (North))
Rasgulla,"['Royal', 'Classic']",Indian (East),[],Main Course,"['Dinner Party', 'Get-together', 'Housewarming', 'Baby Shower']",Rasgulla is a popular vegetarian main course from Indian (East) cuisine.,Premium,Vegetarian,Spicy,Live Counter,3.5,Rasgulla - Rasgulla is a popular vegetarian main course from Indian (East) cuisine. (Indian (East))
Rasmalai,"['Royal', 'Classic']",Indian (East),[],Dessert,"['Festival', 'Brunch', 'Housewarming']",Rasmalai is a popular vegetarian dessert from Indian (East) cuisine.,Economy,Vegetarian,Mild,Live Counter,4.2,Rasmalai - Rasmalai is a popular vegetarian dessert from Indian (East) cuisine. (Indian (East))
Kesar Kulfi,['Express'],Indian (North),[],Main Course,"['Get-together', 'Housewarming', 'Wedding']",Kesar Kulfi is a popular vegetarian main course from Indian (North) cuisine.,Premium,Vegetarian,Mild,Live Counter,4.8,Kesar Kulfi - Kesar Kulfi is a popular vegetarian main course from Indian (North) cuisine. (Indian (North))
Gajar Halwa,['Special'],Indian (North),[],Main Course,"['Dinner Party', 'Corporate Lunch']",Gajar Halwa is a popular vegetarian main course from Indian (North) cuisine.,Luxury,Vegetarian,Mild,Buffet,4.1,Gajar Halwa - Gajar Halwa is a popular vegetarian main course from Indian (North) cuisine. (Indian (North))
Jalebi,"['Special', 'Royal']",Indian (North),[],Appetizer,"['Baby Shower', 'Office Party']",Jalebi is a popular vegetarian appetizer from Indian (North) cuisine.,Premium,Vegetarian,Medium,Buffet,3.6,Jalebi - Jalebi is a popular vegetarian appetizer from Indian (North) cuisine. (Indian (North))
Gulab Jamun,['Classic'],Indian (North),[],Dessert,"['Baby Shower', 'Festival']",Gulab Jamun is a popular vegetarian dessert from Indian (North) cuisine.,Economy,Vegetarian,Spicy,Live Counter,4.6,Gulab Jamun - Gulab Jamun is a popular vegetarian dessert from Indian (North) cuisine. (Indian (North))
Idli Sambar,"['Delight', 'Royal']",Indian (South),[],Main Course,"['Office Party', 'Festival']",Idli Sambar is a popular vegetarian main course from Indian (South) cuisine.,Premium,Vegetarian,Mild,Live Counter,4.6,Idli Sambar - Idli Sambar is a popular vegetarian main course from Indian (South) cuisine. (Indian (South))
Vada,['Express'],Indian (South),[],Appetizer,"['Corporate Lunch', 'Housewarming']",Vada is a popular vegetarian appetizer from Indian (South) cuisine.,Premium,Vegetarian,Spicy,Buffet,4.1,Vada - Vada is a popular vegetarian appetizer from Indian (South) cuisine. (Indian (South))
Pesarattu,['Royal'],Indian (South),[],Main Course,"['Wedding', 'Dinner Party', 'Get-together']",Pesarattu is a popular vegetarian main course from Indian (South) cuisine.,Standard,Vegetarian,Spicy,Buffet,3.8,Pesarattu - Pesarattu is a popular vegetarian main course from Indian (South) cuisine. (Indian (South))
Bisibele Bath,"['Special', 'Classic']",Indian (South),[],Main Course,"['Festival', 'Birthday Party']",Bisibele Bath is a popular vegetarian main course from Indian (South) cuisine.,Economy,Vegetarian,Medium,Plated,4.3,Bisibele Bath - Bisibele Bath is a popular vegetarian main course from Indian (South) cuisine. (Indian (South))
Vegetable Korma,"['Delight', 'Classic']",Indian (South),[],Dessert,"['Baby Shower', 'Office Party']",Vegetable Korma is a popular vegetarian dessert from Indian (South) cuisine.,Economy,Vegetarian,Mild,Live Counter,4.9,Vegetable Korma - Vegetable Korma is a popular vegetarian dessert from Indian (South) cuisine. (Indian (South))
Tamarind Rice,"['Express', 'Classic']",Indian (South),[],Main Course,"['Brunch', 'Housewarming', 'Reception']",Tamarind Rice is a popular vegetarian main course from Indian (South) cuisine.,Economy,Vegetarian,Mild,Live Counter,3.9,Tamarind Rice - Tamarind Rice is a popular vegetarian main course from Indian (South) cuisine. (Indian (South))
Paneer Butter Masala,"['Express', 'Classic']",Indian (North),[],Appetizer,"['Reception', 'Corporate Lunch', 'Birthday Party']",Paneer Butter Masala is a popular vegetarian appetizer from Indian (North) cuisine.,Economy,Vegetarian,Spicy,Live Counter,4.9,Paneer Butter Masala - Paneer Butter Masala is a popular vegetarian appetizer from Indian (North) cuisine. (Indian (North))
Dal Tadka,['Royal'],Indian (North),[],Dessert,"['Festival', 'Office Party']",Dal Tadka is a popular vegetarian dessert from Indian (North) cuisine.,Luxury,Vegetarian,Medium,Plated,4.3,Dal Tadka - Dal Tadka is a popular vegetarian dessert from Indian (North) cuisine. (Indian (North))
Vegetable Biryani,"['Delight', 'Classic']",Indian (South),[],Dessert,"['Reception', 'Get-together', 'Dinner Party']",Vegetable Biryani is a popular vegetarian dessert from Indian (South) cuisine.,Economy,Vegetarian,Mild,Plated,4.3,Vegetable Biryani - Vegetable Biryani is a popular vegetarian dessert from Indian (South) cuisine. (Indian (South))
Masala Dosa,['Classic'],Indian (South),[],Dessert,"['Brunch', 'Wedding', 'Corporate Lunch']",Masala Dosa is a popular vegetarian dessert from Indian (South) cuisine.,Luxury,Vegetarian,Medium,Plated,4.6,Masala Dosa - Masala Dosa is a popular vegetarian dessert from Indian (South) cuisine. (Indian (South))
Chole Bhature,"['Delight', 'Classic']",Indian (North),[],Appetizer,"['Corporate Lunch', 'Reception', 'Dinner Party']",Chole Bhature is a popular vegetarian appetizer from Indian (North) cuisine.,Standard,Vegetarian,Medium,Buffet,3.5,Chole Bhature - Chole Bhature is a popular vegetarian appetizer from Indian (North) cuisine. (Indian (North))
Rajma Chawal,['Express'],Indian (North),[],Main Course,"['Office Party', 'Reception', 'Baby Shower']",Rajma Chawal is a popular vegetarian main course from Indian (North) cuisine.,Standard,Vegetarian,Spicy,Buffet,3.6,Rajma Chawal - Rajma Chawal is a popular vegetarian main course from Indian (North) cuisine. (Indian (North))
Palak Paneer,['Special'],Indian (North),[],Dessert,"['Get-together', 'Housewarming', 'Corporate Lunch']",Palak Paneer is a popular vegetarian dessert from Indian (North) cuisine.,Luxury,Vegetarian,Medium,Buffet,4.3,Palak Paneer - Palak Paneer is a popular vegetarian dessert from Indian (North) cuisine. (Indian (North))
Aloo Gobi,"['Delight', 'Express']",Indian (North),[],Main Course,"['Housewarming', 'Baby Shower', 'Birthday Party']",Aloo Gobi is a popular vegetarian main course from Indian (North) cuisine.,Luxury,Vegetarian,Mild,Plated,4.4,Aloo Gobi - Aloo Gobi is a popular vegetarian main course from Indian (North) cuisine. (Indian (North))
Baingan Bharta,"['Special', 'Delight']",Indian (North),[],Main Course,"['Reception', 'Get-together', 'Wedding', 'Birthday Party']",Baingan Bharta is a popular vegetarian main course from Indian (North) cuisine.,Luxury,Vegetarian,Medium,Plated,4.0,Baingan Bharta - Baingan Bharta is a popular vegetarian main course from Indian (North) cuisine. (Indian (North))
Dhokla,['Express'],Indian (West),[],Main Course,"['Get-together', 'Dinner Party', 'Reception']",Dhokla is a popular vegetarian main course from Indian (West) cuisine.,Economy,Vegetarian,Medium,Plated,3.8,Dhokla - Dhokla is a popular vegetarian main course from Indian (West) cuisine. (Indian (West))
Undhiyu,"['Delight', 'Express']",Indian (West),[],Main Course,"['Reception', 'Corporate Lunch', 'Dinner Party']",Undhiyu is a popular vegetarian main course from Indian (West) cuisine.,Economy,Vegetarian,Spicy,Buffet,5.0,Undhiyu - Undhiyu is a popular vegetarian main course from Indian (West) cuisine. (Indian (West))
Veg Pulao,"['Classic', 'Royal']",Indian (South),[],Dessert,"['Housewarming', 'Baby Shower', 'Corporate Lunch']",Veg Pulao is a popular vegetarian dessert from Indian (South) cuisine.,Premium,Vegetarian,Spicy,Plated,3.5,Veg Pulao - Veg Pulao is a popular vegetarian dessert from Indian (South) cuisine. (Indian (South))
Malai Kofta,"['Classic', 'Express']",Indian (North),[],Main Course,"['Wedding', 'Housewarming', 'Birthday Party', 'Get-together']",Malai Kofta is a popular vegetarian main course from Indian (North) cuisine.,Standard,Vegetarian,Mild,Plated,4.4,Malai Kofta - Malai Kofta is a popular vegetarian main course from Indian (North) cuisine. (Indian (North))
Sambar Rice,['Special'],Indian (South),[],Main Course,"['Housewarming', 'Birthday Party', 'Dinner Party', 'Reception']",Sambar Rice is a popular vegetarian main course from Indian (South) cuisine.,Standard,Vegetarian,Medium,Buffet,3.6,Sambar Rice - Sambar Rice is a popular vegetarian main course from Indian (South) cuisine. (Indian (South))
Kadhi Pakora,"['Classic', 'Royal']",Indian (North),[],Main Course,"['Corporate Lunch', 'Reception']",Kadhi Pakora is a popular vegetarian main course from Indian (North) cuisine.,Premium,Vegetarian,Mild,Live Counter,4.2,Kadhi Pakora - Kadhi Pakora is a popular vegetarian main course from Indian (North) cuisine. (Indian (North))
Pav Bhaji,['Express'],Indian (West),[],Main Course,"['Festival', 'Wedding', 'Housewarming']",Pav Bhaji is a popular vegetarian main course from Indian (West) cuisine.,Luxury,Vegetarian,Spicy,Live Counter,3.9,Pav Bhaji - Pav Bhaji is a popular vegetarian main course from Indian (West) cuisine. (Indian (West))
Veg Fried Rice,['Express'],Indian (Indo-Chinese),[],Appetizer,"['Dinner Party', 'Birthday Party', 'Housewarming', 'Wedding']",Veg Fried Rice is a popular vegetarian appetizer from Indian (Indo-Chinese) cuisine.,Premium,Vegetarian,Medium,Live Counter,3.7,Veg Fried Rice - Veg Fried Rice is a popular vegetarian appetizer from Indian (Indo-Chinese) cuisine. (Indian (Indo-Chinese))
Paneer Tikka,"['Express', 'Royal']",Indian (North),[],Dessert,"['Festival', 'Housewarming', 'Baby Shower']",Paneer Tikka is a popular vegetarian dessert from Indian (North) cuisine.,Standard,Vegetarian,Mild,Buffet,3.8,Paneer Tikka - Paneer Tikka is a popular vegetarian dessert from Indian (North) cuisine. (Indian (North))
Rasgulla,"['Delight', 'Special']",Indian (East),[],Dessert,"['Office Party', 'Housewarming', 'Festival', 'Brunch']",Rasgulla is a popular vegetarian dessert from Indian (East) cuisine.,Economy,Vegetarian,Medium,Plated,3.8,Rasgulla - Rasgulla is a popular vegetarian dessert from Indian (East) cuisine. (Indian (East))
Rasmalai,['Classic'],Indian (East),[],Dessert,"['Brunch', 'Reception']",Rasmalai is a popular vegetarian dessert from Indian (East) cuisine.,Premium,Vegetarian,Medium,Buffet,3.8,Rasmalai - Rasmalai is a popular vegetarian dessert from Indian (East) cuisine. (Indian (East))
Kesar Kulfi,['Special'],Indian (North),[],Dessert,"['Dinner Party', 'Festival', 'Corporate Lunch', 'Office Party']",Kesar Kulfi is a popular vegetarian dessert from Indian (North) cuisine.,Premium,Vegetarian,Medium,Buffet,4.1,Kesar Kulfi - Kesar Kulfi is a popular vegetarian dessert from Indian (North) cuisine. (Indian (North))
Gajar Halwa,['Express'],Indian (North),[],Main Course,"['Brunch', 'Housewarming', 'Baby Shower', 'Reception']",Gajar Halwa is a popular vegetarian main course from Indian (North) cuisine.,Luxury,Vegetarian,Medium,Live Counter,3.7,Gajar Halwa - Gajar Halwa is a popular vegetarian main course from Indian (North) cuisine. (Indian (North))
Jalebi,['Express'],Indian (North),[],Main Course,"['Festival', 'Office Party', 'Housewarming', 'Wedding']",Jalebi is a popular vegetarian main course from Indian (North) cuisine.,Economy,Vegetarian,Medium,Plated,4.7,Jalebi - Jalebi is a popular vegetarian main course from Indian (North) cuisine. (Indian (North))
Gulab Jamun,"['Express', 'Classic']",Indian (North),[],Main Course,"['Dinner Party', 'Brunch']",Gulab Jamun is a popular vegetarian main course from Indian (North) cuisine.,Standard,Vegetarian,Spicy,Plated,3.6,Gulab Jamun - Gulab Jamun is a popular vegetarian main course from Indian (North) cuisine. (Indian (North))
Idli Sambar,"['Express', 'Delight']",Indian (South),[],Appetizer,"['Get-together', 'Housewarming', 'Dinner Party']",Idli Sambar is a popular vegetarian appetizer from Indian (South) cuisine.,Economy,Vegetarian,Medium,Plated,4.7,Idli Sambar - Idli Sambar is a popular vegetarian appetizer from Indian (South) cuisine. (Indian (South))
Vada,"['Express', 'Classic']",Indian (South),[],Appetizer,"['Reception', 'Office Party', 'Brunch', 'Corporate Lunch']",Vada is a popular vegetarian appetizer from Indian (South) cuisine.,Economy,Vegetarian,Medium,Plated,4.8,Vada - Vada is a popular vegetarian appetizer from Indian (South) cuisine. (Indian (South))
Pesarattu,"['Delight', 'Royal']",Indian (South),[],Appetizer,"['Festival', 'Corporate Lunch']",Pesarattu is a popular vegetarian appetizer from Indian (South) cuisine.,Premium,Vegetarian,Medium,Live Counter,4.4,Pesarattu - Pesarattu is a popular vegetarian appetizer from Indian (South) cuisine. (Indian (South))
Bisibele Bath,"['Special', 'Classic']",Indian (South),[],Main Course,"['Birthday Party', 'Brunch', 'Get-together', 'Corporate Lunch']",Bisibele Bath is a popular vegetarian main course from Indian (South) cuisine.,Luxury,Vegetarian,Mild,Buffet,4.4,Bisibele Bath - Bisibele Bath is a popular vegetarian main course from Indian (South) cuisine. (Indian (South))
Vegetable Korma,['Delight'],Indian (South),[],Main Course,"['Festival', 'Office Party', 'Baby Shower']",Vegetable Korma is a popular vegetarian main course from Indian (South) cuisine.,Economy,Vegetarian,Mild,Live Counter,4.3,Vegetable Korma - Vegetable Korma is a popular vegetarian main course from Indian (South) cuisine. (Indian (South))
Tamarind Rice,['Express'],Indian (South),[],Dessert,"['Brunch', 'Get-together']",Tamarind Rice is a popular vegetarian dessert from Indian (South) cuisine.,Premium,Vegetarian,Spicy,Live Counter,4.2,Tamarind Rice - Tamarind Rice is a popular vegetarian dessert from Indian (South) cuisine. (Indian (South))
Pasta Alfredo,['Express'],Italian,[],Dessert,"['Get-together', 'Wedding']",Pasta Alfredo is a popular vegetarian dessert from Italian cuisine.,Standard,Vegetarian,Mild,Buffet,4.7,Pasta Alfredo - Pasta Alfredo is a popular vegetarian dessert from Italian cuisine. (Italian)
Margherita Pizza,"['Royal', 'Classic']",Italian,[],Appetizer,"['Office Party', 'Get-together', 'Wedding', 'Festival']",Margherita Pizza is a popular vegetarian appetizer from Italian cuisine.,Economy,Vegetarian,Mild,Live Counter,4.1,Margherita Pizza - Margherita Pizza is a popular vegetarian appetizer from Italian cuisine. (Italian)
Vegetable Lasagna,['Express'],Italian,[],Dessert,"['Wedding', 'Birthday Party']",Vegetable Lasagna is a popular vegetarian dessert from Italian cuisine.,Standard,Vegetarian,Spicy,Buffet,5.0,Vegetable Lasagna - Vegetable Lasagna is a popular vegetarian dessert from Italian cuisine. (Italian)
Veg Manchurian,['Classic'],Chinese,[],Appetizer,"['Corporate Lunch', 'Reception']",Veg Manchurian is a popular vegetarian appetizer from Chinese cuisine.,Economy,Vegetarian,Spicy,Live Counter,4.8,Veg Manchurian - Veg Manchurian is a popular vegetarian appetizer from Chinese cuisine. (Chinese)
Hakka Noodles,['Special'],Chinese,[],Main Course,"['Birthday Party', 'Festival', 'Office Party', 'Get-together']",Hakka Noodles is a popular vegetarian main course from Chinese cuisine.,Economy,Vegetarian,Spicy,Buffet,4.9,Hakka Noodles - Hakka Noodles is a popular vegetarian main course from Chinese cuisine. (Chinese)
Spring Rolls,"['Royal', 'Delight']",Chinese,[],Main Course,"['Brunch', 'Housewarming']",Spring Rolls is a popular vegetarian main course from Chinese cuisine.,Premium,Vegetarian,Spicy,Plated,4.6,Spring Rolls - Spring Rolls is a popular vegetarian main course from Chinese cuisine. (Chinese)
Falafel Wrap,['Delight'],Mediterranean,[],Main Course,"['Birthday Party', 'Get-together', 'Housewarming', 'Baby Shower']",Falafel Wrap is a popular vegetarian main course from Mediterranean cuisine.,Luxury,Vegetarian,Spicy,Live Counter,4.2,Falafel Wrap - Falafel Wrap is a popular vegetarian main course from Mediterranean cuisine. (Mediterranean)
Hummus Platter,"['Delight', 'Special']",Mediterranean,[],Appetizer,"['Corporate Lunch', 'Brunch']",Hummus Platter is a popular vegetarian appetizer from Mediterranean cuisine.,Luxury,Vegetarian,Spicy,Plated,3.9,Hummus Platter - Hummus Platter is a popular vegetarian appetizer from Mediterranean cuisine. (Mediterranean)
Greek Salad,"['Special', 'Express']",Mediterranean,[],Main Course,"['Baby Shower', 'Dinner Party', 'Reception', 'Corporate Lunch']",Greek Salad is a popular vegetarian main course from Mediterranean cuisine.,Economy,Vegetarian,Spicy,Live Counter,3.7,Greek Salad - Greek Salad is a popular vegetarian main course from Mediterranean cuisine. (Mediterranean)
Veg Quesadilla,"['Classic', 'Royal']",Mexican,[],Main Course,"['Reception', 'Festival', 'Housewarming', 'Dinner Party']",Veg Quesadilla is a popular vegetarian main course from Mexican cuisine.,Standard,Vegetarian,Spicy,Live Counter,5.0,Veg Quesadilla - Veg Quesadilla is a popular vegetarian main course from Mexican cuisine. (Mexican)
Tacos,"['Special', 'Delight']",Mexican,[],Main Course,"['Housewarming', 'Festival', 'Corporate Lunch']",Tacos is a popular vegetarian main course from Mexican cuisine.,Premium,Vegetarian,Spicy,Buffet,4.9,Tacos - Tacos is a popular vegetarian main course from Mexican cuisine. (Mexican)
Burrito Bowl,['Special'],Mexican,[],Main Course,"['Get-together', 'Birthday Party', 'Office Party']",Burrito Bowl is a popular vegetarian main course from Mexican cuisine.,Standard,Vegetarian,Medium,Live Counter,3.8,Burrito Bowl - Burrito Bowl is a popular vegetarian main course from Mexican cuisine. (Mexican)
Veg Sushi Roll,['Royal'],Japanese,[],Appetizer,"['Baby Shower', 'Housewarming', 'Festival', 'Brunch']",Veg Sushi Roll is a popular vegetarian appetizer from Japanese cuisine.,Standard,Vegetarian,Spicy,Live Counter,3.9,Veg Sushi Roll - Veg Sushi Roll is a popular vegetarian appetizer from Japanese cuisine. (Japanese)
Pad Thai,['Classic'],Thai,[],Dessert,"['Office Party', 'Birthday Party', 'Dinner Party']",Pad Thai is a popular vegetarian dessert from Thai cuisine.,Premium,Vegetarian,Medium,Buffet,4.3,Pad Thai - Pad Thai is a popular vegetarian dessert from Thai cuisine. (Thai)
Green Curry,"['Classic', 'Royal']",Thai,[],Main Course,"['Get-together', 'Brunch', 'Baby Shower', 'Birthday Party']",Green Curry is a popular vegetarian main course from Thai cuisine.,Luxury,Vegetarian,Mild,Plated,3.6,Green Curry - Green Curry is a popular vegetarian main course from Thai cuisine. (Thai)
Veg Burger,['Delight'],American,[],Main Course,"['Corporate Lunch', 'Get-together', 'Reception', 'Birthday Party']",Veg Burger is a popular vegetarian main course from American cuisine.,Economy,Vegetarian,Medium,Plated,4.5,Veg Burger - Veg Burger is a popular vegetarian main course from American cuisine. (American)
Veg Sandwich,"['Special', 'Classic']",American,[],Main Course,"['Corporate Lunch', 'Baby Shower', 'Get-together', 'Wedding']",Veg Sandwich is a popular vegetarian main course from American cuisine.,Luxury,Vegetarian,Spicy,Live Counter,4.1,Veg Sandwich - Veg Sandwich is a popular vegetarian main course from American cuisine. (American)
Cheese Nachos,['Royal'],Mexican,[],Appetizer,"['Dinner Party', 'Housewarming']",Cheese Nachos is a popular vegetarian appetizer from Mexican cuisine.,Economy,Vegetarian,Medium,Buffet,3.6,Cheese Nachos - Cheese Nachos is a popular vegetarian appetizer from Mexican cuisine. (Mexican)
Penne Arrabbiata,"['Delight', 'Express']",Italian,[],Main Course,"['Festival', 'Birthday Party', 'Baby Shower', 'Corporate Lunch']",Penne Arrabbiata is a popular vegetarian main course from Italian cuisine.,Premium,Vegetarian,Mild,Plated,3.7,Penne Arrabbiata - Penne Arrabbiata is a popular vegetarian main course from Italian cuisine. (Italian)
Risotto,"['Special', 'Delight']",Italian,[],Main Course,"['Office Party', 'Brunch', 'Reception', 'Festival']",Risotto is a popular vegetarian main course from Italian cuisine.,Premium,Vegetarian,Medium,Live Counter,4.6,Risotto - Risotto is a popular vegetarian main course from Italian cuisine. (Italian)
Pasta Alfredo,['Royal'],Italian,[],Main Course,"['Wedding', 'Birthday Party', 'Baby Shower']",Pasta Alfredo is a popular vegetarian main course from Italian cuisine.,Premium,Vegetarian,Medium,Buffet,4.1,Pasta Alfredo - Pasta Alfredo is a popular vegetarian main course from Italian cuisine. (Italian)
Margherita Pizza,['Special'],Italian,[],Dessert,"['Corporate Lunch', 'Festival']",Margherita Pizza is a popular vegetarian dessert from Italian cuisine.,Luxury,Vegetarian,Medium,Plated,3.8,Margherita Pizza - Margherita Pizza is a popular vegetarian dessert from Italian cuisine. (Italian)
Vegetable Lasagna,['Delight'],Italian,[],Dessert,"['Wedding', 'Reception', 'Birthday Party', 'Office Party']",Vegetable Lasagna is a popular vegetarian dessert from Italian cuisine.,Economy,Vegetarian,Medium,Live Counter,3.8,Vegetable Lasagna - Vegetable Lasagna is a popular vegetarian dessert from Italian cuisine. (Italian)
Veg Manchurian,['Delight'],Chinese,[],Main Course,"['Baby Shower', 'Wedding', 'Corporate Lunch', 'Festival']",Veg Manchurian is a popular vegetarian main course from Chinese cuisine.,Economy,Vegetarian,Medium,Plated,4.3,Veg Manchurian - Veg Manchurian is a popular vegetarian main course from Chinese cuisine. (Chinese)
Hakka Noodles,['Express'],Chinese,[],Appetizer,"['Get-together', 'Baby Shower', 'Brunch']",Hakka Noodles is a popular vegetarian appetizer from Chinese cuisine.,Standard,Vegetarian,Mild,Buffet,3.6,Hakka Noodles - Hakka Noodles is a popular vegetarian appetizer from Chinese cuisine. (Chinese)
Spring Rolls,['Delight'],Chinese,[],Main Course,"['Dinner Party', 'Brunch', 'Reception', 'Office Party']",Spring Rolls is a popular vegetarian main course from Chinese cuisine.,Premium,Vegetarian,Mild,Buffet,4.1,Spring Rolls - Spring Rolls is a popular vegetarian main course from Chinese cuisine. (Chinese)
Falafel Wrap,"['Express', 'Delight']",Mediterranean,[],Main Course,"['Corporate Lunch', 'Birthday Party', 'Baby Shower', 'Festival']",Falafel Wrap is a popular vegetarian main course from Mediterranean cuisine.,Luxury,Vegetarian,Medium,Buffet,4.9,Falafel Wrap - Falafel Wrap is a popular vegetarian main course from Mediterranean cuisine. (Mediterranean)
Hummus Platter,['Royal'],Mediterranean,[],Main Course,"['Birthday Party', 'Festival']",Hummus Platter is a popular vegetarian main course from Mediterranean cuisine.,Luxury,Vegetarian,Medium,Buffet,4.8,Hummus Platter - Hummus Platter is a popular vegetarian main course from Mediterranean cuisine. (Mediterranean)
Greek Salad,"['Special', 'Express']",Mediterranean,[],Main Course,"['Wedding', 'Get-together', 'Corporate Lunch']",Greek Salad is a popular vegetarian main course from Mediterranean cuisine.,Standard,Vegetarian,Mild,Live Counter,4.5,Greek Salad - Greek Salad is a popular vegetarian main course from Mediterranean cuisine. (Mediterranean)
Veg Quesadilla,"['Special', 'Classic']",Mexican,[],Main Course,"['Reception', 'Wedding', 'Housewarming', 'Festival']",Veg Quesadilla is a popular vegetarian main course from Mexican cuisine.,Economy,Vegetarian,Spicy,Buffet,3.7,Veg Quesadilla - Veg Quesadilla is a popular vegetarian main course from Mexican cuisine. (Mexican)
Tacos,['Classic'],Mexican,[],Main Course,"['Wedding', 'Get-together', 'Brunch']",Tacos is a popular vegetarian main course from Mexican cuisine.,Luxury,Vegetarian,Medium,Plated,3.9,Tacos - Tacos is a popular vegetarian main course from Mexican cuisine. (Mexican)
Burrito Bowl,['Special'],Mexican,[],Main Course,"['Office Party', 'Festival', 'Housewarming', 'Baby Shower']",Burrito Bowl is a popular vegetarian main course from Mexican cuisine.,Economy,Vegetarian,Medium,Live Counter,4.5,Burrito Bowl - Burrito Bowl is a popular vegetarian main course from Mexican cuisine. (Mexican)
Veg Sushi Roll,['Royal'],Japanese,[],Appetizer,"['Office Party', 'Reception', 'Housewarming']",Veg Sushi Roll is a popular vegetarian appetizer from Japanese cuisine.,Standard,Vegetarian,Medium,Plated,3.9,Veg Sushi Roll - Veg Sushi Roll is a popular vegetarian appetizer from Japanese cuisine. (Japanese)
Pad Thai,['Delight'],Thai,[],Main Course,"['Baby Shower', 'Wedding', 'Get-together', 'Reception']",Pad Thai is a popular vegetarian main course from Thai cuisine.,Premium,Vegetarian,Spicy,Plated,3.6,Pad Thai - Pad Thai is a popular vegetarian main course from Thai cuisine. (Thai)
Green Curry,"['Special', 'Royal']",Thai,[],Main Course,"['Wedding', 'Festival', 'Corporate Lunch']",Green Curry is a popular vegetarian main course from Thai cuisine.,Standard,Vegetarian,Spicy,Live Counter,3.8,Green Curry - Green Curry is a popular vegetarian main course from Thai cuisine. (Thai)
Veg Burger,['Delight'],American,[],Main Course,"['Housewarming', 'Wedding', 'Festival']",Veg Burger is a popular vegetarian main course from American cuisine.,Standard,Vegetarian,Mild,Plated,4.4,Veg Burger - Veg Burger is a popular vegetarian main course from American cuisine. (American)
Veg Sandwich,"['Special', 'Express']",American,[],Main Course,"['Brunch', 'Baby Shower']",Veg Sandwich is a popular vegetarian main course from American cuisine.,Standard,Vegetarian,Spicy,Plated,4.7,Veg Sandwich - Veg Sandwich is a popular vegetarian main course from American cuisine. (American)
Cheese Nachos,"['Royal', 'Express']",Mexican,[],Main Course,"['Corporate Lunch', 'Get-together', 'Dinner Party', 'Festival']",Cheese Nachos is a popular vegetarian main course from Mexican cuisine.,Standard,Vegetarian,Mild,Live Counter,3.7,Cheese Nachos - Cheese Nachos is a popular vegetarian main course from Mexican cuisine. (Mexican)
Penne Arrabbiata,['Classic'],Italian,[],Main Course,"['Office Party', 'Birthday Party']",Penne Arrabbiata is a popular vegetarian main course from Italian cuisine.,Standard,Vegetarian,Medium,Live Counter,4.3,Penne Arrabbiata - Penne Arrabbiata is a popular vegetarian main course from Italian cuisine. (Italian)
Risotto,"['Delight', 'Express']",Italian,[],Dessert,"['Corporate Lunch', 'Reception']",Risotto is a popular vegetarian dessert from Italian cuisine.,Economy,Vegetarian,Mild,Live Counter,4.8,Risotto - Risotto is a popular vegetarian dessert from Italian cuisine. (Italian)
Pasta Alfredo,['Royal'],Italian,[],Main Course,"['Office Party', 'Reception']",Pasta Alfredo is a popular vegetarian main course from Italian cuisine.,Economy,Vegetarian,Medium,Plated,3.5,Pasta Alfredo - Pasta Alfredo is a popular vegetarian main course from Italian cuisine. (Italian)
Margherita Pizza,"['Special', 'Express']",Italian,[],Dessert,"['Housewarming', 'Reception', 'Office Party', 'Corporate Lunch']",Margherita Pizza is a popular vegetarian dessert from Italian cuisine.,Economy,Vegetarian,Medium,Plated,4.8,Margherita Pizza - Margherita Pizza is a popular vegetarian dessert from Italian cuisine. (Italian)
Vegetable Lasagna,"['Special', 'Delight']",Italian,[],Main Course,"['Reception', 'Get-together', 'Brunch', 'Festival']",Vegetable Lasagna is a popular vegetarian main course from Italian cuisine.,Economy,Vegetarian,Medium,Plated,3.9,Vegetable Lasagna - Vegetable Lasagna is a popular vegetarian main course from Italian cuisine. (Italian)
Veg Manchurian,['Special'],Chinese,[],Appetizer,"['Baby Shower', 'Corporate Lunch', 'Brunch', 'Wedding']",Veg Manchurian is a popular vegetarian appetizer from Chinese cuisine.,Standard,Vegetarian,Medium,Buffet,3.8,Veg Manchurian - Veg Manchurian is a popular vegetarian appetizer from Chinese cuisine. (Chinese)
Hakka Noodles,['Royal'],Chinese,[],Dessert,"['Corporate Lunch', 'Baby Shower']",Hakka Noodles is a popular vegetarian dessert from Chinese cuisine.,Economy,Vegetarian,Spicy,Buffet,3.5,Hakka Noodles - Hakka Noodles is a popular vegetarian dessert from Chinese cuisine. (Chinese)
Spring Rolls,['Express'],Chinese,[],Main Course,"['Dinner Party', 'Wedding', 'Corporate Lunch']",Spring Rolls is a popular vegetarian main course from Chinese cuisine.,Luxury,Vegetarian,Mild,Buffet,3.7,Spring Rolls - Spring Rolls is a popular vegetarian main course from Chinese cuisine. (Chinese)
Falafel Wrap,"['Special', 'Classic']",Mediterranean,[],Main Course,"['Festival', 'Office Party', 'Housewarming']",Falafel Wrap is a popular vegetarian main course from Mediterranean cuisine.,Luxury,Vegetarian,Spicy,Buffet,4.0,Falafel Wrap - Falafel Wrap is a popular vegetarian main course from Mediterranean cuisine. (Mediterranean)
Hummus Platter,"['Special', 'Delight']",Mediterranean,[],Main Course,"['Brunch', 'Baby Shower']",Hummus Platter is a popular vegetarian main course from Mediterranean cuisine.,Economy,Vegetarian,Mild,Plated,3.6,Hummus Platter - Hummus Platter is a popular vegetarian main course from Mediterranean cuisine. (Mediterranean)
Greek Salad,"['Delight', 'Special']",Mediterranean,[],Main Course,"['Dinner Party', 'Housewarming']",Greek Salad is a popular vegetarian main course from Mediterranean cuisine.,Luxury,Vegetarian,Mild,Buffet,4.6,Greek Salad - Greek Salad is a popular vegetarian main course from Mediterranean cuisine. (Mediterranean)
Veg Quesadilla,['Delight'],Mexican,[],Main Course,"['Birthday Party', 'Office Party']",Veg Quesadilla is a popular vegetarian main course from Mexican cuisine.,Luxury,Vegetarian,Medium,Buffet,4.2,Veg Quesadilla - Veg Quesadilla is a popular vegetarian main course from Mexican cuisine. (Mexican)
Tacos,['Special'],Mexican,[],Main Course,"['Baby Shower', 'Housewarming']",Tacos is a popular vegetarian main course from Mexican cuisine.,Economy,Vegetarian,Medium,Live Counter,4.4,Tacos - Tacos is a popular vegetarian main course from Mexican cuisine. (Mexican)
Burrito Bowl,"['Express', 'Delight']",Mexican,[],Appetizer,"['Housewarming', 'Festival']",Burrito Bowl is a popular vegetarian appetizer from Mexican cuisine.,Premium,Vegetarian,Medium,Plated,4.8,Burrito Bowl - Burrito Bowl is a popular vegetarian appetizer from Mexican cuisine. (Mexican)
Veg Sushi Roll,"['Express', 'Special']",Japanese,[],Dessert,"['Reception', 'Wedding']",Veg Sushi Roll is a popular vegetarian dessert from Japanese cuisine.,Standard,Vegetarian,Spicy,Plated,3.7,Veg Sushi Roll - Veg Sushi Roll is a popular vegetarian dessert from Japanese cuisine. (Japanese)
Pad Thai,['Classic'],Thai,[],Main Course,"['Birthday Party', 'Brunch', 'Office Party', 'Baby Shower']",Pad Thai is a popular vegetarian main course from Thai cuisine.,Economy,Vegetarian,Medium,Live Counter,4.2,Pad Thai - Pad Thai is a popular vegetarian main course from Thai cuisine. (Thai)
Green Curry,"['Express', 'Royal']",Thai,[],Main Course,"['Dinner Party', 'Get-together', 'Wedding', 'Corporate Lunch']",Green Curry is a popular vegetarian main course from Thai cuisine.,Standard,Vegetarian,Mild,Plated,3.8,Green Curry - Green Curry is a popular vegetarian main course from Thai cuisine. (Thai)
Veg Burger,['Royal'],American,[],Main Course,"['Brunch', 'Office Party']",Veg Burger is a popular vegetarian main course from American cuisine.,Economy,Vegetarian,Spicy,Buffet,4.3,Veg Burger - Veg Burger is a popular vegetarian main course from American cuisine. (American)
Veg Sandwich,['Special'],American,[],Main Course,"['Birthday Party', 'Office Party', 'Festival']",Veg Sandwich is a popular vegetarian main course from American cuisine.,Standard,Vegetarian,Spicy,Live Counter,3.5,Veg Sandwich - Veg Sandwich is a popular vegetarian main course from American cuisine. (American)
Cheese Nachos,['Special'],Mexican,[],Main Course,"['Reception', 'Baby Shower', 'Brunch']",Cheese Nachos is a popular vegetarian main course from Mexican cuisine.,Premium,Vegetarian,Mild,Plated,4.8,Cheese Nachos - Cheese Nachos is a popular vegetarian main course from Mexican cuisine. (Mexican)
Penne Arrabbiata,"['Special', 'Classic']",Italian,[],Main Course,"['Housewarming', 'Office Party', 'Reception', 'Brunch']",Penne Arrabbiata is a popular vegetarian main course from Italian cuisine.,Standard,Vegetarian,Medium,Live Counter,4.2,Penne Arrabbiata - Penne Arrabbiata is a popular vegetarian main course from Italian cuisine. (Italian)
Risotto,"['Special', 'Delight']",Italian,[],Main Course,"['Reception', 'Baby Shower', 'Brunch', 'Festival']",Risotto is a popular vegetarian main course from Italian cuisine.,Economy,Vegetarian,Mild,Buffet,4.2,Risotto - Risotto is a popular vegetarian main course from Italian cuisine. (Italian)
Meetha Paan,"['Express', 'Special']",Indian (North),[],Dessert,"['Reception', 'Housewarming', 'Festival', 'Dinner Party']",Meetha Paan is a popular vegetarian dessert from Indian (North) cuisine.,Premium,Vegetarian,Mild,Buffet,4.9,Meetha Paan - Meetha Paan is a popular vegetarian dessert from Indian (North) cuisine. (Indian (North))
Chocolate Paan,['Delight'],Indian (North),[],Dessert,"['Festival', 'Corporate Lunch']",Chocolate Paan is a popular vegetarian dessert from Indian (North) cuisine.,Premium,Vegetarian,Medium,Live Counter,3.9,Chocolate Paan - Chocolate Paan is a popular vegetarian dessert from Indian (North) cuisine. (Indian (North))
Mint Paan,"['Express', 'Royal']",Indian (North),[],Dessert,"['Brunch', 'Dinner Party', 'Wedding', 'Office Party']",Mint Paan is a popular vegetarian dessert from Indian (North) cuisine.,Economy,Vegetarian,Spicy,Plated,4.5,Mint Paan - Mint Paan is a popular vegetarian dessert from Indian (North) cuisine. (Indian (North))
Dry Fruit Paan,['Classic'],Indian (North),[],Dessert,"['Festival', 'Birthday Party']",Dry Fruit Paan is a popular vegetarian dessert from Indian (North) cuisine.,Economy,Vegetarian,Mild,Live Counter,3.6,Dry Fruit Paan - Dry Fruit Paan is a popular vegetarian dessert from Indian (North) cuisine. (Indian (North))
Vanilla Ice Cream,['Special'],Continental,[],Dessert,"['Corporate Lunch', 'Brunch']",Vanilla Ice Cream is a popular vegetarian dessert from Continental cuisine.,Luxury,Vegetarian,Medium,Live Counter,4.7,Vanilla Ice Cream - Vanilla Ice Cream is a popular vegetarian dessert from Continental cuisine. (Continental)
Chocolate Ice Cream,"['Royal', 'Classic']",Continental,[],Dessert,"['Housewarming', 'Baby Shower', 'Dinner Party', 'Corporate Lunch']",Chocolate Ice Cream is a popular vegetarian dessert from Continental cuisine.,Luxury,Vegetarian,Spicy,Plated,4.9,Chocolate Ice Cream - Chocolate Ice Cream is a popular vegetarian dessert from Continental cuisine. (Continental)
Mango Ice Cream,"['Classic', 'Special']",Indian (West),[],Dessert,"['Brunch', 'Housewarming', 'Festival', 'Dinner Party']",Mango Ice Cream is a popular vegetarian dessert from Indian (West) cuisine.,Economy,Vegetarian,Mild,Buffet,4.6,Mango Ice Cream - Mango Ice Cream is a popular vegetarian dessert from Indian (West) cuisine. (Indian (West))
Tutti Frutti Sundae,['Special'],Continental,[],Beverage,"['Reception', 'Dinner Party']",Tutti Frutti Sundae is a popular vegetarian beverage from Continental cuisine.,Economy,Vegetarian,Mild,Buffet,3.6,Tutti Frutti Sundae - Tutti Frutti Sundae is a popular vegetarian beverage from Continental cuisine. (Continental)
Fruit Custard,['Royal'],Indian (North),[],Beverage,"['Reception', 'Get-together', 'Office Party', 'Brunch']",Fruit Custard is a popular vegetarian beverage from Indian (North) cuisine.,Economy,Vegetarian,Mild,Buffet,4.6,Fruit Custard - Fruit Custard is a popular vegetarian beverage from Indian (North) cuisine. (Indian (North))
Shrikhand,['Royal'],Indian (West),[],Beverage,"['Corporate Lunch', 'Get-together', 'Birthday Party', 'Housewarming']",Shrikhand is a popular vegetarian beverage from Indian (West) cuisine.,Premium,Vegetarian,Mild,Plated,4.0,Shrikhand - Shrikhand is a popular vegetarian beverage from Indian (West) cuisine. (Indian (West))
Mango Lassi,['Delight'],Indian (North),[],Beverage,"['Baby Shower', 'Office Party', 'Dinner Party']",Mango Lassi is a popular vegetarian beverage from Indian (North) cuisine.,Premium,Vegetarian,Mild,Buffet,4.6,Mango Lassi - Mango Lassi is a popular vegetarian beverage from Indian (North) cuisine. (Indian (North))
Jaljeera,"['Delight', 'Royal']",Indian (North),[],Beverage,"['Baby Shower', 'Dinner Party']",Jaljeera is a popular vegetarian beverage from Indian (North) cuisine.,Premium,Vegetarian,Medium,Buffet,4.8,Jaljeera - Jaljeera is a popular vegetarian beverage from Indian (North) cuisine. (Indian (North))
Sweet Lassi,['Royal'],Indian (North),[],Beverage,"['Get-together', 'Baby Shower', 'Birthday Party', 'Reception']",Sweet Lassi is a popular vegetarian beverage from Indian (North) cuisine.,Luxury,Vegetarian,Spicy,Live Counter,3.5,Sweet Lassi - Sweet Lassi is a popular vegetarian beverage from Indian (North) cuisine. (Indian (North))
Masala Chai,['Express'],Indian (North),[],Beverage,"['Wedding', 'Reception']",Masala Chai is a popular vegetarian beverage from Indian (North) cuisine.,Luxury,Vegetarian,Spicy,Buffet,3.7,Masala Chai - Masala Chai is a popular vegetarian beverage from Indian (North) cuisine. (Indian (North))
Cold Coffee,"['Classic', 'Special']",Continental,[],Beverage,"['Get-together', 'Wedding', 'Brunch']",Cold Coffee is a popular vegetarian beverage from Continental cuisine.,Standard,Vegetarian,Spicy,Buffet,4.7,Cold Coffee - Cold Coffee is a popular vegetarian beverage from Continental cuisine. (Continental)
Lemon Mojito,['Classic'],Continental,[],Beverage,"['Reception', 'Birthday Party', 'Dinner Party']",Lemon Mojito is a popular vegetarian beverage from Continental cuisine.,Economy,Vegetarian,Spicy,Plated,4.7,Lemon Mojito - Lemon Mojito is a popular vegetarian beverage from Continental cuisine. (Continental)
Rose Sharbat,"['Classic', 'Delight']",Indian (North),[],Beverage,"['Dinner Party', 'Corporate Lunch', 'Birthday Party']",Rose Sharbat is a popular vegetarian beverage from Indian (North) cuisine.,Economy,Vegetarian,Mild,Buffet,4.3,Rose Sharbat - Rose Sharbat is a popular vegetarian beverage from Indian (North) cuisine. (Indian (North))
Coconut Water,"['Special', 'Classic']",Indian (South),[],Beverage,"['Office Party', 'Birthday Party', 'Wedding', 'Housewarming']",Coconut Water is a popular vegetarian beverage from Indian (South) cuisine.,Economy,Vegetarian,Medium,Buffet,3.6,Coconut Water - Coconut Water is a popular vegetarian beverage from Indian (South) cuisine. (Indian (South))
Fruit Punch,"['Royal', 'Classic']",Continental,[],Beverage,"['Office Party', 'Birthday Party', 'Baby Shower']",Fruit Punch is a popular vegetarian beverage from Continental cuisine.,Premium,Vegetarian,Spicy,Live Counter,4.0,Fruit Punch - Fruit Punch is a popular vegetarian beverage from Continental cuisine. (Continental)
Thandai,['Express'],Indian (North),[],Beverage,"['Festival', 'Brunch', 'Reception', 'Housewarming']",Thandai is a popular vegetarian beverage from Indian (North) cuisine.,Economy,Vegetarian,Mild,Live Counter,5.0,Thandai - Thandai is a popular vegetarian beverage from Indian (North) cuisine. (Indian (North))
